{
  "flights": [
    {
      "id": "SS101",
      "from": "BOM",
      "to": "DEL",
      "date": "2025-10-03",
      "dep": "08:05",
      "arr": "10:15",
      "fares": {
        "ECONOMY": 4200,
        "PREMIUM": 7200,
        "BUSINESS": 12800
      },
      "inventory": {
        "ECONOMY": {
          "capacity": 150,
          "booked": [],
          "map": [
            "A1",
            "A2",
            "A3",
            "A4",
            "A5",
            "A6",
            "A7",
            "A8",
            "A9",
            "A10",
            "A11",
            "A12",
            "A13",
            "A14",
            "A15",
            "A16",
            "A17",
            "A18",
            "A19",
            "A20",
            "A21",
            "A22",
            "A23",
            "A24",
            "A25",
            "B1",
            "B2",
            "B3",
            "B4",
            "B5",
            "B6",
            "B7",
            "B8",
            "B9",
            "B10",
            "B11",
            "B12",
            "B13",
            "B14",
            "B15",
            "B16",
            "B17",
            "B18",
            "B19",
            "B20",
            "B21",
            "B22",
            "B23",
            "B24",
            "B25",
            "C1",
            "C2",
            "C3",
            "C4",
            "C5",
            "C6",
            "C7",
            "C8",
            "C9",
            "C10",
            "C11",
            "C12",
            "C13",
            "C14",
            "C15",
            "C16",
            "C17",
            "C18",
            "C19",
            "C20",
            "C21",
            "C22",
            "C23",
            "C24",
            "C25",
            "D1",
            "D2",
            "D3",
            "D4",
            "D5",
            "D6",
            "D7",
            "D8",
            "D9",
            "D10",
            "D11",
            "D12",
            "D13",
            "D14",
            "D15",
            "D16",
            "D17",
            "D18",
            "D19",
            "D20",
            "D21",
            "D22",
            "D23",
            "D24",
            "D25",
            "E1",
            "E2",
            "E3",
            "E4",
            "E5",
            "E6",
            "E7",
            "E8",
            "E9",
            "E10",
            "E11",
            "E12",
            "E13",
            "E14",
            "E15",
            "E16",
            "E17",
            "E18",
            "E19",
            "E20",
            "E21",
            "E22",
            "E23",
            "E24",
            "E25",
            "F1",
            "F2",
            "F3",
            "F4",
            "F5",
            "F6",
            "F7",
            "F8",
            "F9",
            "F10",
            "F11",
            "F12",
            "F13",
            "F14",
            "F15",
            "F16",
            "F17",
            "F18",
            "F19",
            "F20",
            "F21",
            "F22",
            "F23",
            "F24",
            "F25"
          ]
        },
        "PREMIUM": {
          "capacity": 48,
          "booked": [],
          "map": [
            "A1",
            "A2",
            "A3",
            "A4",
            "A5",
            "A6",
            "A7",
            "A8",
            "A9",
            "A10",
            "A11",
            "A12",
            "B1",
            "B2",
            "B3",
            "B4",
            "B5",
            "B6",
            "B7",
            "B8",
            "B9",
            "B10",
            "B11",
            "B12",
            "C1",
            "C2",
            "C3",
            "C4",
            "C5",
            "C6",
            "C7",
            "C8",
            "C9",
            "C10",
            "C11",
            "C12",
            "D1",
            "D2",
            "D3",
            "D4",
            "D5",
            "D6",
            "D7",
            "D8",
            "D9",
            "D10",
            "D11",
            "D12"
          ]
        },
        "BUSINESS": {
          "capacity": 24,
          "booked": [],
          "map": [
            "A1",
            "A2",
            "A3",
            "A4",
            "A5",
            "A6",
            "B1",
            "B2",
            "B3",
            "B4",
            "B5",
            "B6",
            "C1",
            "C2",
            "C3",
            "C4",
            "C5",
            "C6",
            "D1",
            "D2",
            "D3",
            "D4",
            "D5",
            "D6"
          ]
        }
      }
    },
    {
      "id": "SS102",
      "from": "DEL",
      "to": "BOM",
      "date": "2025-10-04",
      "dep": "19:15",
      "arr": "21:25",
      "fares": {
        "ECONOMY": 4100,
        "PREMIUM": 7100,
        "BUSINESS": 12500
      },
      "inventory": {
        "ECONOMY": {
          "capacity": 150,
          "booked": [],
          "map": [
            "A1",
            "A2",
            "A3",
            "A4",
            "A5",
            "A6",
            "A7",
            "A8",
            "A9",
            "A10",
            "A11",
            "A12",
            "A13",
            "A14",
            "A15",
            "A16",
            "A17",
            "A18",
            "A19",
            "A20",
            "A21",
            "A22",
            "A23",
            "A24",
            "A25",
            "B1",
            "B2",
            "B3",
            "B4",
            "B5",
            "B6",
            "B7",
            "B8",
            "B9",
            "B10",
            "B11",
            "B12",
            "B13",
            "B14",
            "B15",
            "B16",
            "B17",
            "B18",
            "B19",
            "B20",
            "B21",
            "B22",
            "B23",
            "B24",
            "B25",
            "C1",
            "C2",
            "C3",
            "C4",
            "C5",
            "C6",
            "C7",
            "C8",
            "C9",
            "C10",
            "C11",
            "C12",
            "C13",
            "C14",
            "C15",
            "C16",
            "C17",
            "C18",
            "C19",
            "C20",
            "C21",
            "C22",
            "C23",
            "C24",
            "C25",
            "D1",
            "D2",
            "D3",
            "D4",
            "D5",
            "D6",
            "D7",
            "D8",
            "D9",
            "D10",
            "D11",
            "D12",
            "D13",
            "D14",
            "D15",
            "D16",
            "D17",
            "D18",
            "D19",
            "D20",
            "D21",
            "D22",
            "D23",
            "D24",
            "D25",
            "E1",
            "E2",
            "E3",
            "E4",
            "E5",
            "E6",
            "E7",
            "E8",
            "E9",
            "E10",
            "E11",
            "E12",
            "E13",
            "E14",
            "E15",
            "E16",
            "E17",
            "E18",
            "E19",
            "E20",
            "E21",
            "E22",
            "E23",
            "E24",
            "E25",
            "F1",
            "F2",
            "F3",
            "F4",
            "F5",
            "F6",
            "F7",
            "F8",
            "F9",
            "F10",
            "F11",
            "F12",
            "F13",
            "F14",
            "F15",
            "F16",
            "F17",
            "F18",
            "F19",
            "F20",
            "F21",
            "F22",
            "F23",
            "F24",
            "F25"
          ]
        },
        "PREMIUM": {
          "capacity": 48,
          "booked": [],
          "map": [
            "A1",
            "A2",
            "A3",
            "A4",
            "A5",
            "A6",
            "A7",
            "A8",
            "A9",
            "A10",
            "A11",
            "A12",
            "B1",
            "B2",
            "B3",
            "B4",
            "B5",
            "B6",
            "B7",
            "B8",
            "B9",
            "B10",
            "B11",
            "B12",
            "C1",
            "C2",
            "C3",
            "C4",
            "C5",
            "C6",
            "C7",
            "C8",
            "C9",
            "C10",
            "C11",
            "C12",
            "D1",
            "D2",
            "D3",
            "D4",
            "D5",
            "D6",
            "D7",
            "D8",
            "D9",
            "D10",
            "D11",
            "D12"
          ]
        },
        "BUSINESS": {
          "capacity": 24,
          "booked": [],
          "map": [
            "A1",
            "A2",
            "A3",
            "A4",
            "A5",
            "A6",
            "B1",
            "B2",
            "B3",
            "B4",
            "B5",
            "B6",
            "C1",
            "C2",
            "C3",
            "C4",
            "C5",
            "C6",
            "D1",
            "D2",
            "D3",
            "D4",
            "D5",
            "D6"
          ]
        }
      }
    },
    {
      "id": "SS303",
      "from": "BLR",
      "to": "BOM",
      "date": "2025-10-03",
      "dep": "06:50",
      "arr": "08:10",
      "fares": {
        "ECONOMY": 3600,
        "PREMIUM": 6500,
        "BUSINESS": 10900
      },
      "inventory": {
        "ECONOMY": {
          "capacity": 150,
          "booked": [],
          "map": [
            "A1",
            "A2",
            "A3",
            "A4",
            "A5",
            "A6",
            "A7",
            "A8",
            "A9",
            "A10",
            "A11",
            "A12",
            "A13",
            "A14",
            "A15",
            "A16",
            "A17",
            "A18",
            "A19",
            "A20",
            "A21",
            "A22",
            "A23",
            "A24",
            "A25",
            "B1",
            "B2",
            "B3",
            "B4",
            "B5",
            "B6",
            "B7",
            "B8",
            "B9",
            "B10",
            "B11",
            "B12",
            "B13",
            "B14",
            "B15",
            "B16",
            "B17",
            "B18",
            "B19",
            "B20",
            "B21",
            "B22",
            "B23",
            "B24",
            "B25",
            "C1",
            "C2",
            "C3",
            "C4",
            "C5",
            "C6",
            "C7",
            "C8",
            "C9",
            "C10",
            "C11",
            "C12",
            "C13",
            "C14",
            "C15",
            "C16",
            "C17",
            "C18",
            "C19",
            "C20",
            "C21",
            "C22",
            "C23",
            "C24",
            "C25",
            "D1",
            "D2",
            "D3",
            "D4",
            "D5",
            "D6",
            "D7",
            "D8",
            "D9",
            "D10",
            "D11",
            "D12",
            "D13",
            "D14",
            "D15",
            "D16",
            "D17",
            "D18",
            "D19",
            "D20",
            "D21",
            "D22",
            "D23",
            "D24",
            "D25",
            "E1",
            "E2",
            "E3",
            "E4",
            "E5",
            "E6",
            "E7",
            "E8",
            "E9",
            "E10",
            "E11",
            "E12",
            "E13",
            "E14",
            "E15",
            "E16",
            "E17",
            "E18",
            "E19",
            "E20",
            "E21",
            "E22",
            "E23",
            "E24",
            "E25",
            "F1",
            "F2",
            "F3",
            "F4",
            "F5",
            "F6",
            "F7",
            "F8",
            "F9",
            "F10",
            "F11",
            "F12",
            "F13",
            "F14",
            "F15",
            "F16",
            "F17",
            "F18",
            "F19",
            "F20",
            "F21",
            "F22",
            "F23",
            "F24",
            "F25"
          ]
        },
        "PREMIUM": {
          "capacity": 48,
          "booked": [],
          "map": [
            "A1",
            "A2",
            "A3",
            "A4",
            "A5",
            "A6",
            "A7",
            "A8",
            "A9",
            "A10",
            "A11",
            "A12",
            "B1",
            "B2",
            "B3",
            "B4",
            "B5",
            "B6",
            "B7",
            "B8",
            "B9",
            "B10",
            "B11",
            "B12",
            "C1",
            "C2",
            "C3",
            "C4",
            "C5",
            "C6",
            "C7",
            "C8",
            "C9",
            "C10",
            "C11",
            "C12",
            "D1",
            "D2",
            "D3",
            "D4",
            "D5",
            "D6",
            "D7",
            "D8",
            "D9",
            "D10",
            "D11",
            "D12"
          ]
        },
        "BUSINESS": {
          "capacity": 24,
          "booked": [],
          "map": [
            "A1",
            "A2",
            "A3",
            "A4",
            "A5",
            "A6",
            "B1",
            "B2",
            "B3",
            "B4",
            "B5",
            "B6",
            "C1",
            "C2",
            "C3",
            "C4",
            "C5",
            "C6",
            "D1",
            "D2",
            "D3",
            "D4",
            "D5",
            "D6"
          ]
        }
      }
    },
    {
      "id": "SS404",
      "from": "BOM",
      "to": "BLR",
      "date": "2025-10-04",
      "dep": "17:40",
      "arr": "19:00",
      "fares": {
        "ECONOMY": 3700,
        "PREMIUM": 6600,
        "BUSINESS": 11100
      },
      "inventory": {
        "ECONOMY": {
          "capacity": 150,
          "booked": [],
          "map": [
            "A1",
            "A2",
            "A3",
            "A4",
            "A5",
            "A6",
            "A7",
            "A8",
            "A9",
            "A10",
            "A11",
            "A12",
            "A13",
            "A14",
            "A15",
            "A16",
            "A17",
            "A18",
            "A19",
            "A20",
            "A21",
            "A22",
            "A23",
            "A24",
            "A25",
            "B1",
            "B2",
            "B3",
            "B4",
            "B5",
            "B6",
            "B7",
            "B8",
            "B9",
            "B10",
            "B11",
            "B12",
            "B13",
            "B14",
            "B15",
            "B16",
            "B17",
            "B18",
            "B19",
            "B20",
            "B21",
            "B22",
            "B23",
            "B24",
            "B25",
            "C1",
            "C2",
            "C3",
            "C4",
            "C5",
            "C6",
            "C7",
            "C8",
            "C9",
            "C10",
            "C11",
            "C12",
            "C13",
            "C14",
            "C15",
            "C16",
            "C17",
            "C18",
            "C19",
            "C20",
            "C21",
            "C22",
            "C23",
            "C24",
            "C25",
            "D1",
            "D2",
            "D3",
            "D4",
            "D5",
            "D6",
            "D7",
            "D8",
            "D9",
            "D10",
            "D11",
            "D12",
            "D13",
            "D14",
            "D15",
            "D16",
            "D17",
            "D18",
            "D19",
            "D20",
            "D21",
            "D22",
            "D23",
            "D24",
            "D25",
            "E1",
            "E2",
            "E3",
            "E4",
            "E5",
            "E6",
            "E7",
            "E8",
            "E9",
            "E10",
            "E11",
            "E12",
            "E13",
            "E14",
            "E15",
            "E16",
            "E17",
            "E18",
            "E19",
            "E20",
            "E21",
            "E22",
            "E23",
            "E24",
            "E25",
            "F1",
            "F2",
            "F3",
            "F4",
            "F5",
            "F6",
            "F7",
            "F8",
            "F9",
            "F10",
            "F11",
            "F12",
            "F13",
            "F14",
            "F15",
            "F16",
            "F17",
            "F18",
            "F19",
            "F20",
            "F21",
            "F22",
            "F23",
            "F24",
            "F25"
          ]
        },
        "PREMIUM": {
          "capacity": 48,
          "booked": [],
          "map": [
            "A1",
            "A2",
            "A3",
            "A4",
            "A5",
            "A6",
            "A7",
            "A8",
            "A9",
            "A10",
            "A11",
            "A12",
            "B1",
            "B2",
            "B3",
            "B4",
            "B5",
            "B6",
            "B7",
            "B8",
            "B9",
            "B10",
            "B11",
            "B12",
            "C1",
            "C2",
            "C3",
            "C4",
            "C5",
            "C6",
            "C7",
            "C8",
            "C9",
            "C10",
            "C11",
            "C12",
            "D1",
            "D2",
            "D3",
            "D4",
            "D5",
            "D6",
            "D7",
            "D8",
            "D9",
            "D10",
            "D11",
            "D12"
          ]
        },
        "BUSINESS": {
          "capacity": 24,
          "booked": [],
          "map": [
            "A1",
            "A2",
            "A3",
            "A4",
            "A5",
            "A6",
            "B1",
            "B2",
            "B3",
            "B4",
            "B5",
            "B6",
            "C1",
            "C2",
            "C3",
            "C4",
            "C5",
            "C6",
            "D1",
            "D2",
            "D3",
            "D4",
            "D5",
            "D6"
          ]
        }
      }
    },
    {
      "id": "SS777",
      "from": "DEL",
      "to": "GOI",
      "date": "2025-10-03",
      "dep": "13:20",
      "arr": "15:40",
      "fares": {
        "ECONOMY": 4900,
        "PREMIUM": 7900,
        "BUSINESS": 13900
      },
      "inventory": {
        "ECONOMY": {
          "capacity": 150,
          "booked": [],
          "map": [
            "A1",
            "A2",
            "A3",
            "A4",
            "A5",
            "A6",
            "A7",
            "A8",
            "A9",
            "A10",
            "A11",
            "A12",
            "A13",
            "A14",
            "A15",
            "A16",
            "A17",
            "A18",
            "A19",
            "A20",
            "A21",
            "A22",
            "A23",
            "A24",
            "A25",
            "B1",
            "B2",
            "B3",
            "B4",
            "B5",
            "B6",
            "B7",
            "B8",
            "B9",
            "B10",
            "B11",
            "B12",
            "B13",
            "B14",
            "B15",
            "B16",
            "B17",
            "B18",
            "B19",
            "B20",
            "B21",
            "B22",
            "B23",
            "B24",
            "B25",
            "C1",
            "C2",
            "C3",
            "C4",
            "C5",
            "C6",
            "C7",
            "C8",
            "C9",
            "C10",
            "C11",
            "C12",
            "C13",
            "C14",
            "C15",
            "C16",
            "C17",
            "C18",
            "C19",
            "C20",
            "C21",
            "C22",
            "C23",
            "C24",
            "C25",
            "D1",
            "D2",
            "D3",
            "D4",
            "D5",
            "D6",
            "D7",
            "D8",
            "D9",
            "D10",
            "D11",
            "D12",
            "D13",
            "D14",
            "D15",
            "D16",
            "D17",
            "D18",
            "D19",
            "D20",
            "D21",
            "D22",
            "D23",
            "D24",
            "D25",
            "E1",
            "E2",
            "E3",
            "E4",
            "E5",
            "E6",
            "E7",
            "E8",
            "E9",
            "E10",
            "E11",
            "E12",
            "E13",
            "E14",
            "E15",
            "E16",
            "E17",
            "E18",
            "E19",
            "E20",
            "E21",
            "E22",
            "E23",
            "E24",
            "E25",
            "F1",
            "F2",
            "F3",
            "F4",
            "F5",
            "F6",
            "F7",
            "F8",
            "F9",
            "F10",
            "F11",
            "F12",
            "F13",
            "F14",
            "F15",
            "F16",
            "F17",
            "F18",
            "F19",
            "F20",
            "F21",
            "F22",
            "F23",
            "F24",
            "F25"
          ]
        },
        "PREMIUM": {
          "capacity": 48,
          "booked": [],
          "map": [
            "A1",
            "A2",
            "A3",
            "A4",
            "A5",
            "A6",
            "A7",
            "A8",
            "A9",
            "A10",
            "A11",
            "A12",
            "B1",
            "B2",
            "B3",
            "B4",
            "B5",
            "B6",
            "B7",
            "B8",
            "B9",
            "B10",
            "B11",
            "B12",
            "C1",
            "C2",
            "C3",
            "C4",
            "C5",
            "C6",
            "C7",
            "C8",
            "C9",
            "C10",
            "C11",
            "C12",
            "D1",
            "D2",
            "D3",
            "D4",
            "D5",
            "D6",
            "D7",
            "D8",
            "D9",
            "D10",
            "D11",
            "D12"
          ]
        },
        "BUSINESS": {
          "capacity": 24,
          "booked": [],
          "map": [
            "A1",
            "A2",
            "A3",
            "A4",
            "A5",
            "A6",
            "B1",
            "B2",
            "B3",
            "B4",
            "B5",
            "B6",
            "C1",
            "C2",
            "C3",
            "C4",
            "C5",
            "C6",
            "D1",
            "D2",
            "D3",
            "D4",
            "D5",
            "D6"
          ]
        }
      }
    },
    {
      "id": "SS778",
      "from": "GOI",
      "to": "DEL",
      "date": "2025-10-04",
      "dep": "16:40",
      "arr": "19:00",
      "fares": {
        "ECONOMY": 5000,
        "PREMIUM": 8100,
        "BUSINESS": 14100
      },
      "inventory": {
        "ECONOMY": {
          "capacity": 150,
          "booked": [],
          "map": [
            "A1",
            "A2",
            "A3",
            "A4",
            "A5",
            "A6",
            "A7",
            "A8",
            "A9",
            "A10",
            "A11",
            "A12",
            "A13",
            "A14",
            "A15",
            "A16",
            "A17",
            "A18",
            "A19",
            "A20",
            "A21",
            "A22",
            "A23",
            "A24",
            "A25",
            "B1",
            "B2",
            "B3",
            "B4",
            "B5",
            "B6",
            "B7",
            "B8",
            "B9",
            "B10",
            "B11",
            "B12",
            "B13",
            "B14",
            "B15",
            "B16",
            "B17",
            "B18",
            "B19",
            "B20",
            "B21",
            "B22",
            "B23",
            "B24",
            "B25",
            "C1",
            "C2",
            "C3",
            "C4",
            "C5",
            "C6",
            "C7",
            "C8",
            "C9",
            "C10",
            "C11",
            "C12",
            "C13",
            "C14",
            "C15",
            "C16",
            "C17",
            "C18",
            "C19",
            "C20",
            "C21",
            "C22",
            "C23",
            "C24",
            "C25",
            "D1",
            "D2",
            "D3",
            "D4",
            "D5",
            "D6",
            "D7",
            "D8",
            "D9",
            "D10",
            "D11",
            "D12",
            "D13",
            "D14",
            "D15",
            "D16",
            "D17",
            "D18",
            "D19",
            "D20",
            "D21",
            "D22",
            "D23",
            "D24",
            "D25",
            "E1",
            "E2",
            "E3",
            "E4",
            "E5",
            "E6",
            "E7",
            "E8",
            "E9",
            "E10",
            "E11",
            "E12",
            "E13",
            "E14",
            "E15",
            "E16",
            "E17",
            "E18",
            "E19",
            "E20",
            "E21",
            "E22",
            "E23",
            "E24",
            "E25",
            "F1",
            "F2",
            "F3",
            "F4",
            "F5",
            "F6",
            "F7",
            "F8",
            "F9",
            "F10",
            "F11",
            "F12",
            "F13",
            "F14",
            "F15",
            "F16",
            "F17",
            "F18",
            "F19",
            "F20",
            "F21",
            "F22",
            "F23",
            "F24",
            "F25"
          ]
        },
        "PREMIUM": {
          "capacity": 48,
          "booked": [],
          "map": [
            "A1",
            "A2",
            "A3",
            "A4",
            "A5",
            "A6",
            "A7",
            "A8",
            "A9",
            "A10",
            "A11",
            "A12",
            "B1",
            "B2",
            "B3",
            "B4",
            "B5",
            "B6",
            "B7",
            "B8",
            "B9",
            "B10",
            "B11",
            "B12",
            "C1",
            "C2",
            "C3",
            "C4",
            "C5",
            "C6",
            "C7",
            "C8",
            "C9",
            "C10",
            "C11",
            "C12",
            "D1",
            "D2",
            "D3",
            "D4",
            "D5",
            "D6",
            "D7",
            "D8",
            "D9",
            "D10",
            "D11",
            "D12"
          ]
        },
        "BUSINESS": {
          "capacity": 24,
          "booked": [],
          "map": [
            "A1",
            "A2",
            "A3",
            "A4",
            "A5",
            "A6",
            "B1",
            "B2",
            "B3",
            "B4",
            "B5",
            "B6",
            "C1",
            "C2",
            "C3",
            "C4",
            "C5",
            "C6",
            "D1",
            "D2",
            "D3",
            "D4",
            "D5",
            "D6"
          ]
        }
      }
    }
  ]
}